﻿<?xml version="1.0" encoding="utf-8"?>
<!--DO NOT EDIT. This document is generated by PSoC Creator design builds.-->
<PSoCCreatorIdeExport Version="1">
  <Device Part="CY8C4245AXI-483" Processor="CortexM0" DeviceID="4C81193" />
  <Toolchains>
    <Toolchain Name="ARM GCC Generic" Selected="True">
      <Tool Name="prebuild" Command="" Options="" />
      <Tool Name="assembler" Command="arm-none-eabi-as.exe" Options="-mcpu=cortex-m0 -mthumb -I. -IGenerated_Source\PSoC4 -alh=${OutputDir}/${CompileFile}.lst -g -W" />
      <Tool Name="compiler" Command="arm-none-eabi-gcc.exe" Options="-mcpu=cortex-m0 -mthumb -I. -IGenerated_Source\PSoC4 -Wa,-alh=${OutputDir}/${CompileFile}.lst -g -D DEBUG -D CY_CORE_ID=0 -Wall -ffunction-sections -ffat-lto-objects -Og" />
      <Tool Name="linker" Command="arm-none-eabi-gcc.exe" Options="-mcpu=cortex-m0 -mthumb -L Generated_Source\PSoC4 -Wl,-Map,${OutputDir}/${ProjectShortName}.map -T Generated_Source\PSoC4\cm0gcc.ld -specs=nano.specs -Wl,--gc-sections -g -ffunction-sections -Og -ffat-lto-objects" />
      <Tool Name="postbuild" Command="" Options="" />
    </Toolchain>
    <Toolchain Name="ARM MDK Generic" Selected="False">
      <Tool Name="prebuild" Command="" Options="" />
      <Tool Name="assembler" Command="armasm.exe" Options="--cpu=Cortex-M0 --diag_style=gnu --thumb -i. -iGenerated_Source\PSoC4 -g --list=${OutputDir}/${CompileFile}.lst &quot;--predefine=__MICROLIB SETA 1&quot;" />
      <Tool Name="compiler" Command="armcc.exe" Options="--cpu=Cortex-M0 --C99 --diag_style=gnu -I. -IGenerated_Source\PSoC4 --list --signed_chars -g -D DEBUG -D CY_CORE_ID=0 -O0 --split_sections -D__MICROLIB" />
      <Tool Name="linker" Command="armlink.exe" Options="--cpu=Cortex-M0 --diag_style=gnu --no_startup --library_type=microlib --map --list ${OutputDir}/${ProjectShortName}.map --scatter Generated_Source\PSoC4\Cm0RealView.scat" />
      <Tool Name="postbuild" Command="" Options="" />
    </Toolchain>
    <Toolchain Name="ARM IAR Generic" Selected="False">
      <Tool Name="prebuild" Command="" Options="" />
      <Tool Name="assembler" Command="iasmarm.exe" Options="--cpu Cortex-M0 -I. -IGenerated_Source\PSoC4 -s+ -M&lt;&gt; -w+ -r -DDEBUG --fpu None" />
      <Tool Name="compiler" Command="iccarm.exe" Options="--cpu Cortex-M0 -I. -IGenerated_Source\PSoC4 -D DEBUG -D CY_CORE_ID=0 -I. -IGenerated_Source\PSoC4 -D DEBUG -D CY_CORE_ID=0 --no_cse --no_unroll --no_inline --no_code_motion --no_tbaa --no_clustering --no_scheduling --debug --endian=little -e --fpu=None -On --no_wrap_diagnostics" />
      <Tool Name="linker" Command="ilinkarm.exe" Options="--semihosting --entry __iar_program_start --config Generated_Source\PSoC4\Cm0Iar.icf" />
      <Tool Name="postbuild" Command="" Options="" />
    </Toolchain>
  </Toolchains>
  <Project Name="Clineq_Quinton_HW7" Path="D:\GIT\Microcontroller System Design Projects\Hw7- Tilt Control Star Blasters\Clineq_Quinton_HW7.cydsn" Version="5.70" Type="Normal">
    <CMSIS_SVD_File>Clineq_Quinton_HW7.svd</CMSIS_SVD_File>
    <Datasheet />
    <LinkerFiles>
      <LinkerFile Toolchain="ARM GCC Generic">.\Generated_Source\PSoC4\cm0gcc.ld</LinkerFile>
      <LinkerFile Toolchain="ARM MDK Generic">.\Generated_Source\PSoC4\Cm0RealView.scat</LinkerFile>
      <LinkerFile Toolchain="ARM IAR Generic">.\Generated_Source\PSoC4\Cm0Iar.icf</LinkerFile>
    </LinkerFiles>
    <Folders>
      <Folder BuildType="STRICT" Path="D:\GIT\Microcontroller System Design Projects\Hw7- Tilt Control Star Blasters\Clineq_Quinton_HW7.cydsn">
        <Files Root="D:\GIT\Microcontroller System Design Projects\Hw7- Tilt Control Star Blasters\Clineq_Quinton_HW7.cydsn">
          <File BuildType="BUILD" Toolchain="">main.c</File>
          <File BuildType="BUILD" Toolchain="">cyapicallbacks.h</File>
        </Files>
      </Folder>
      <Folder BuildType="STRICT" Path="D:\GIT\Microcontroller System Design Projects\Hw7- Tilt Control Star Blasters\Clineq_Quinton_HW7.cydsn\Generated_Source\PSoC4">
        <Files Root="D:\GIT\Microcontroller System Design Projects\Hw7- Tilt Control Star Blasters\Clineq_Quinton_HW7.cydsn">
          <File BuildType="BUILD" Toolchain="">Generated_Source\PSoC4\cyfitter_cfg.h</File>
          <File BuildType="BUILD" Toolchain="">Generated_Source\PSoC4\cyfitter_cfg.c</File>
          <File BuildType="BUILD" Toolchain="">Generated_Source\PSoC4\cymetadata.c</File>
          <File BuildType="BUILD" Toolchain="">Generated_Source\PSoC4\cydevice_trm.h</File>
          <File BuildType="BUILD" Toolchain="">Generated_Source\PSoC4\cydevicegnu_trm.inc</File>
          <File BuildType="BUILD" Toolchain="">Generated_Source\PSoC4\cydevicerv_trm.inc</File>
          <File BuildType="BUILD" Toolchain="">Generated_Source\PSoC4\cydeviceiar_trm.inc</File>
          <File BuildType="BUILD" Toolchain="">Generated_Source\PSoC4\cyfittergnu.inc</File>
          <File BuildType="BUILD" Toolchain="">Generated_Source\PSoC4\cyfitterrv.inc</File>
          <File BuildType="BUILD" Toolchain="">Generated_Source\PSoC4\cyfitteriar.inc</File>
          <File BuildType="BUILD" Toolchain="">Generated_Source\PSoC4\cyfitter.h</File>
          <File BuildType="BUILD" Toolchain="">Generated_Source\PSoC4\cydisabledsheets.h</File>
          <File BuildType="BUILD" Toolchain="">Generated_Source\PSoC4\GLCD.c</File>
          <File BuildType="BUILD" Toolchain="">Generated_Source\PSoC4\GLCD.h</File>
          <File BuildType="BUILD" Toolchain="">Generated_Source\PSoC4\GLCD_Font.c</File>
          <File BuildType="BUILD" Toolchain="">Generated_Source\PSoC4\Backlight.c</File>
          <File BuildType="BUILD" Toolchain="">Generated_Source\PSoC4\Backlight.h</File>
          <File BuildType="BUILD" Toolchain="">Generated_Source\PSoC4\Backlight_aliases.h</File>
          <File BuildType="BUILD" Toolchain="">Generated_Source\PSoC4\Backlight_PM.c</File>
          <File BuildType="BUILD" Toolchain="">Generated_Source\PSoC4\GLCD_Reset.c</File>
          <File BuildType="BUILD" Toolchain="">Generated_Source\PSoC4\GLCD_Reset.h</File>
          <File BuildType="BUILD" Toolchain="">Generated_Source\PSoC4\GLCD_Reset_aliases.h</File>
          <File BuildType="BUILD" Toolchain="">Generated_Source\PSoC4\GLCD_SPIM_UDB.c</File>
          <File BuildType="BUILD" Toolchain="">Generated_Source\PSoC4\GLCD_SPIM_UDB.h</File>
          <File BuildType="BUILD" Toolchain="">Generated_Source\PSoC4\GLCD_SPIM_UDB_PM.c</File>
          <File BuildType="BUILD" Toolchain="">Generated_Source\PSoC4\GLCD_SPIM_UDB_INT.c</File>
          <File BuildType="BUILD" Toolchain="">Generated_Source\PSoC4\GLCD_SPIM_UDB_PVT.h</File>
          <File BuildType="BUILD" Toolchain="">Generated_Source\PSoC4\GLCD_SCLK.c</File>
          <File BuildType="BUILD" Toolchain="">Generated_Source\PSoC4\GLCD_SCLK.h</File>
          <File BuildType="BUILD" Toolchain="">Generated_Source\PSoC4\GLCD_SCLK_aliases.h</File>
          <File BuildType="BUILD" Toolchain="">Generated_Source\PSoC4\GLCD_MOSI.c</File>
          <File BuildType="BUILD" Toolchain="">Generated_Source\PSoC4\GLCD_MOSI.h</File>
          <File BuildType="BUILD" Toolchain="">Generated_Source\PSoC4\GLCD_MOSI_aliases.h</File>
          <File BuildType="BUILD" Toolchain="">Generated_Source\PSoC4\GLCD_SS.c</File>
          <File BuildType="BUILD" Toolchain="">Generated_Source\PSoC4\GLCD_SS.h</File>
          <File BuildType="BUILD" Toolchain="">Generated_Source\PSoC4\GLCD_SS_aliases.h</File>
          <File BuildType="BUILD" Toolchain="">Generated_Source\PSoC4\GLCD_SPIM_UDB_IntClock.c</File>
          <File BuildType="BUILD" Toolchain="">Generated_Source\PSoC4\GLCD_SPIM_UDB_IntClock.h</File>
          <File BuildType="BUILD" Toolchain="ARM GCC Generic">Generated_Source\PSoC4\cm0gcc.ld</File>
          <File BuildType="BUILD" Toolchain="ARM MDK Generic">Generated_Source\PSoC4\Cm0RealView.scat</File>
          <File BuildType="BUILD" Toolchain="">Generated_Source\PSoC4\Cm0Start.c</File>
          <File BuildType="BUILD" Toolchain="">Generated_Source\PSoC4\core_cm0.h</File>
          <File BuildType="BUILD" Toolchain="">Generated_Source\PSoC4\core_cm0_psoc4.h</File>
          <File BuildType="BUILD" Toolchain="ARM MDK Generic">Generated_Source\PSoC4\CyBootAsmRv.s</File>
          <File BuildType="BUILD" Toolchain="">Generated_Source\PSoC4\CyFlash.c</File>
          <File BuildType="BUILD" Toolchain="">Generated_Source\PSoC4\CyFlash.h</File>
          <File BuildType="BUILD" Toolchain="">Generated_Source\PSoC4\CyLib.c</File>
          <File BuildType="BUILD" Toolchain="">Generated_Source\PSoC4\CyLib.h</File>
          <File BuildType="BUILD" Toolchain="">Generated_Source\PSoC4\cyPm.c</File>
          <File BuildType="BUILD" Toolchain="">Generated_Source\PSoC4\cyPm.h</File>
          <File BuildType="BUILD" Toolchain="">Generated_Source\PSoC4\cytypes.h</File>
          <File BuildType="BUILD" Toolchain="">Generated_Source\PSoC4\cyutils.c</File>
          <File BuildType="BUILD" Toolchain="">Generated_Source\PSoC4\cypins.h</File>
          <File BuildType="BUILD" Toolchain="">Generated_Source\PSoC4\core_cmFunc.h</File>
          <File BuildType="BUILD" Toolchain="">Generated_Source\PSoC4\core_cmInstr.h</File>
          <File BuildType="BUILD" Toolchain="ARM IAR Generic">Generated_Source\PSoC4\Cm0Iar.icf</File>
          <File BuildType="BUILD" Toolchain="ARM IAR Generic">Generated_Source\PSoC4\CyBootAsmIar.s</File>
          <File BuildType="BUILD" Toolchain="">Generated_Source\PSoC4\cmsis_armcc.h</File>
          <File BuildType="BUILD" Toolchain="">Generated_Source\PSoC4\cmsis_gcc.h</File>
          <File BuildType="BUILD" Toolchain="">Generated_Source\PSoC4\cmsis_compiler.h</File>
          <File BuildType="BUILD" Toolchain="ARM GCC Generic">Generated_Source\PSoC4\CyBootAsmGnu.s</File>
          <File BuildType="BUILD" Toolchain="">Generated_Source\PSoC4\CyLFClk.c</File>
          <File BuildType="BUILD" Toolchain="">Generated_Source\PSoC4\CyLFClk.h</File>
          <File BuildType="BUILD" Toolchain="">Generated_Source\PSoC4\cy_em_eeprom.c</File>
          <File BuildType="BUILD" Toolchain="">Generated_Source\PSoC4\cy_em_eeprom.h</File>
          <File BuildType="BUILD" Toolchain="">Generated_Source\PSoC4\project.h</File>
          <File BuildType="BUILD" Toolchain="">Generated_Source\PSoC4\cycodeshareimport.ld</File>
          <File BuildType="BUILD" Toolchain="">Generated_Source\PSoC4\cycodeshareexport.ld</File>
          <File BuildType="BUILD" Toolchain="">Generated_Source\PSoC4\cycodeshareimport.scat</File>
          <File BuildType="BUILD" Toolchain="">Generated_Source\PSoC4\R_LED.c</File>
          <File BuildType="BUILD" Toolchain="">Generated_Source\PSoC4\R_LED.h</File>
          <File BuildType="BUILD" Toolchain="">Generated_Source\PSoC4\R_LED_aliases.h</File>
          <File BuildType="BUILD" Toolchain="">Generated_Source\PSoC4\R_LED_PM.c</File>
          <File BuildType="BUILD" Toolchain="">Generated_Source\PSoC4\G_LED.c</File>
          <File BuildType="BUILD" Toolchain="">Generated_Source\PSoC4\G_LED.h</File>
          <File BuildType="BUILD" Toolchain="">Generated_Source\PSoC4\G_LED_aliases.h</File>
          <File BuildType="BUILD" Toolchain="">Generated_Source\PSoC4\G_LED_PM.c</File>
          <File BuildType="BUILD" Toolchain="">Generated_Source\PSoC4\B_LED.c</File>
          <File BuildType="BUILD" Toolchain="">Generated_Source\PSoC4\B_LED.h</File>
          <File BuildType="BUILD" Toolchain="">Generated_Source\PSoC4\B_LED_aliases.h</File>
          <File BuildType="BUILD" Toolchain="">Generated_Source\PSoC4\B_LED_PM.c</File>
          <File BuildType="BUILD" Toolchain="">Generated_Source\PSoC4\I2C.c</File>
          <File BuildType="BUILD" Toolchain="">Generated_Source\PSoC4\I2C.h</File>
          <File BuildType="BUILD" Toolchain="">Generated_Source\PSoC4\I2C_I2C.h</File>
          <File BuildType="BUILD" Toolchain="">Generated_Source\PSoC4\I2C_I2C_INT.c</File>
          <File BuildType="BUILD" Toolchain="">Generated_Source\PSoC4\I2C_I2C.c</File>
          <File BuildType="BUILD" Toolchain="">Generated_Source\PSoC4\I2C_I2C_BOOT.c</File>
          <File BuildType="BUILD" Toolchain="">Generated_Source\PSoC4\I2C_PM.c</File>
          <File BuildType="BUILD" Toolchain="">Generated_Source\PSoC4\I2C_BOOT.c</File>
          <File BuildType="BUILD" Toolchain="">Generated_Source\PSoC4\I2C_PINS.h</File>
          <File BuildType="BUILD" Toolchain="">Generated_Source\PSoC4\I2C_I2C_PVT.h</File>
          <File BuildType="BUILD" Toolchain="">Generated_Source\PSoC4\I2C_PVT.h</File>
          <File BuildType="BUILD" Toolchain="">Generated_Source\PSoC4\I2C_BOOT.h</File>
          <File BuildType="BUILD" Toolchain="">Generated_Source\PSoC4\I2C_I2C_MASTER.c</File>
          <File BuildType="BUILD" Toolchain="">Generated_Source\PSoC4\Timer.c</File>
          <File BuildType="BUILD" Toolchain="">Generated_Source\PSoC4\Timer.h</File>
          <File BuildType="BUILD" Toolchain="">Generated_Source\PSoC4\Timer_PM.c</File>
          <File BuildType="BUILD" Toolchain="">Generated_Source\PSoC4\Clock_1.c</File>
          <File BuildType="BUILD" Toolchain="">Generated_Source\PSoC4\Clock_1.h</File>
          <File BuildType="BUILD" Toolchain="">Generated_Source\PSoC4\Tap_Input.c</File>
          <File BuildType="BUILD" Toolchain="">Generated_Source\PSoC4\Tap_Input.h</File>
          <File BuildType="BUILD" Toolchain="">Generated_Source\PSoC4\Tap_Input_aliases.h</File>
          <File BuildType="BUILD" Toolchain="">Generated_Source\PSoC4\Tap_Input_PM.c</File>
          <File BuildType="BUILD" Toolchain="">Generated_Source\PSoC4\tapInterrupt.c</File>
          <File BuildType="BUILD" Toolchain="">Generated_Source\PSoC4\tapInterrupt.h</File>
          <File BuildType="BUILD" Toolchain="">Generated_Source\PSoC4\accData.c</File>
          <File BuildType="BUILD" Toolchain="">Generated_Source\PSoC4\accData.h</File>
          <File BuildType="BUILD" Toolchain="">Generated_Source\PSoC4\I2C_SCBCLK.c</File>
          <File BuildType="BUILD" Toolchain="">Generated_Source\PSoC4\I2C_SCBCLK.h</File>
          <File BuildType="BUILD" Toolchain="">Generated_Source\PSoC4\I2C_sda.c</File>
          <File BuildType="BUILD" Toolchain="">Generated_Source\PSoC4\I2C_sda.h</File>
          <File BuildType="BUILD" Toolchain="">Generated_Source\PSoC4\I2C_sda_aliases.h</File>
          <File BuildType="BUILD" Toolchain="">Generated_Source\PSoC4\I2C_sda_PM.c</File>
          <File BuildType="BUILD" Toolchain="">Generated_Source\PSoC4\I2C_scl.c</File>
          <File BuildType="BUILD" Toolchain="">Generated_Source\PSoC4\I2C_scl.h</File>
          <File BuildType="BUILD" Toolchain="">Generated_Source\PSoC4\I2C_scl_aliases.h</File>
          <File BuildType="BUILD" Toolchain="">Generated_Source\PSoC4\I2C_scl_PM.c</File>
          <File BuildType="BUILD" Toolchain="">Generated_Source\PSoC4\I2C_SCB_IRQ.c</File>
          <File BuildType="BUILD" Toolchain="">Generated_Source\PSoC4\I2C_SCB_IRQ.h</File>
        </Files>
      </Folder>
      <Folder BuildType="EXCLUDE" Path=".\codegentemp">
        <Files Root="D:\GIT\Microcontroller System Design Projects\Hw7- Tilt Control Star Blasters\Clineq_Quinton_HW7.cydsn" />
      </Folder>
      <Folder BuildType="EXCLUDE" Path=".\ARM_GCC_441">
        <Files Root="D:\GIT\Microcontroller System Design Projects\Hw7- Tilt Control Star Blasters\Clineq_Quinton_HW7.cydsn" />
      </Folder>
      <Folder BuildType="EXCLUDE" Path=".\ARM_GCC_473">
        <Files Root="D:\GIT\Microcontroller System Design Projects\Hw7- Tilt Control Star Blasters\Clineq_Quinton_HW7.cydsn" />
      </Folder>
      <Folder BuildType="EXCLUDE" Path=".\DP8051_Keil_952">
        <Files Root="D:\GIT\Microcontroller System Design Projects\Hw7- Tilt Control Star Blasters\Clineq_Quinton_HW7.cydsn" />
      </Folder>
      <Folder BuildType="EXCLUDE" Path=".\DP8051">
        <Files Root="D:\GIT\Microcontroller System Design Projects\Hw7- Tilt Control Star Blasters\Clineq_Quinton_HW7.cydsn" />
      </Folder>
      <Folder BuildType="EXCLUDE" Path=".\CortexM0">
        <Files Root="D:\GIT\Microcontroller System Design Projects\Hw7- Tilt Control Star Blasters\Clineq_Quinton_HW7.cydsn" />
      </Folder>
      <Folder BuildType="EXCLUDE" Path=".\CortexM0p">
        <Files Root="D:\GIT\Microcontroller System Design Projects\Hw7- Tilt Control Star Blasters\Clineq_Quinton_HW7.cydsn" />
      </Folder>
      <Folder BuildType="EXCLUDE" Path=".\CortexM3">
        <Files Root="D:\GIT\Microcontroller System Design Projects\Hw7- Tilt Control Star Blasters\Clineq_Quinton_HW7.cydsn" />
      </Folder>
      <Folder BuildType="EXCLUDE" Path=".\CortexM4">
        <Files Root="D:\GIT\Microcontroller System Design Projects\Hw7- Tilt Control Star Blasters\Clineq_Quinton_HW7.cydsn" />
      </Folder>
      <Folder BuildType="EXCLUDE" Path=".\CortexM7">
        <Files Root="D:\GIT\Microcontroller System Design Projects\Hw7- Tilt Control Star Blasters\Clineq_Quinton_HW7.cydsn" />
      </Folder>
      <Folder BuildType="EXCLUDE" Path="D:\GIT\Microcontroller System Design Projects\Hw7- Tilt Control Star Blasters\Clineq_Quinton_HW7.cydsn\SF_ColorShield_v0_3\API">
        <Files Root="D:\GIT\Microcontroller System Design Projects\Hw7- Tilt Control Star Blasters\Clineq_Quinton_HW7.cydsn">
          <File BuildType="EXCLUDE" Toolchain="">SF_ColorShield_v0_3\API\GLCD.c</File>
          <File BuildType="EXCLUDE" Toolchain="">SF_ColorShield_v0_3\API\GLCD.h</File>
          <File BuildType="EXCLUDE" Toolchain="">SF_ColorShield_v0_3\API\GLCD_Font.c</File>
        </Files>
      </Folder>
    </Folders>
  </Project>
</PSoCCreatorIdeExport>